{"cameraMode":{"drawMode":0,"name":"Shaded","section":"Shading Mode"},"sceneLighting":false,"audioPlay":false,"sceneViewState":{"showFog":true,"showMaterialUpdate":false,"showSkybox":true,"showFlares":true,"showImageEffects":true,"showParticleSystems":true},"in2DMode":false,"pivot":{"x":-102.48233032226563,"y":19.85437774658203,"z":13.87371826171875},"rotation":{"x":-0.0447712279856205,"y":-0.09724707156419754,"z":-0.0043791173957288269,"w":0.9942432045936585},"size":719.155517578125,"orthographic":false}