{"cameraMode":{"drawMode":0,"name":"Shaded","section":"Shading Mode"},"sceneLighting":false,"audioPlay":false,"sceneViewState":{"showFog":true,"showMaterialUpdate":false,"showSkybox":true,"showFlares":true,"showImageEffects":true,"showParticleSystems":true},"in2DMode":false,"pivot":{"x":-0.010313034057617188,"y":-231.85897827148438,"z":-2.346888542175293},"rotation":{"x":0.030950607731938363,"y":-0.31940051913261416,"z":0.07472138106822968,"w":0.944162130355835},"size":189.71099853515626,"orthographic":true}