{"cameraMode":{"drawMode":0,"name":"Shaded","section":"Shading Mode"},"sceneLighting":false,"audioPlay":false,"sceneViewState":{"showFog":true,"showMaterialUpdate":false,"showSkybox":true,"showFlares":true,"showImageEffects":true,"showParticleSystems":true},"in2DMode":false,"pivot":{"x":-0.026930905878543855,"y":-0.026285380125045778,"z":-0.16910260915756226},"rotation":{"x":0.1095132902264595,"y":0.8898387551307678,"z":-0.3306875228881836,"w":0.29468658566474917},"size":1.6428101062774659,"orthographic":false}